Username;Job;Date;Texte;Nb_reactions;Nb_commentaires;Nb_partages;Commentaires;Mot cle recherch√©
"Bogdan D.
Bogdan D.";;;Hi All, I'm currently recruiting for this position. Please click on the job title below to view the Job Description and apply to it!;5;0;0;;ing√©nieur
"ü§ñ Jesse Lee - J'aide les entreprises √† utiliser l'IA
ü§ñ Jesse Lee - J'aide les entreprises √† utiliser l'IA";;;"üíº 
hashtag
#AI Job Board:

‚û°Ô∏è Apprenticeship - Development Engineer - Artificial Intelligence at Sopra Steria

‚û°Ô∏è Director of Artificial Intelligence at CGI

---
I post new job offer in AI everyday!
Add me/follow me for consulting, implementation, engineering AI job offers";3;0;0;;ing√©nieur
"Caroline C.
Caroline C.";;;"New role! INGENIEUR SPECIALISTE BASE DE DONNEES INSTRUMENTATION.

To find out more, please visit the link below";6;0;0;;ing√©nieur
"Safeguard Global Switzerland
Safeguard Global Switzerland";;;"We're 
hashtag
#hiring a new Ing√©nieur en maintenance √©lectrique in Valais. Apply today or share this post with your network.Ing√©nieur en maintenance √©lectrique";2;0;0;;ing√©nieur
"OUSMANE KONE
OUSMANE KONE";;;"OPPORTUNIT√â D'EMPLOI: ING√âNIEUR G√âNIE CIVIL 
POSTE BAS√â AU S√âN√âGAL";16;0;0;;ing√©nieur
"Touton SA
Touton SA";;;"We're 
hashtag
#hiring a new Full-stack engineer/ Ing√©nieur full stack in Bordeaux, France. Interested in this exciting opportunity?
Check out our offer for more details:Ing√©nieur Full Stack";16;2;0;;ing√©nieur
"3E
3E";;;"We're 
hashtag
#hiring a new Ing√©nieur √©olien in Toulouse, Occitanie. Apply today or share this post with your network.Ing√©nieur √©olien";1;0;0;;ing√©nieur
"Ronit Kumar Panda
Ronit Kumar Panda";;;Check out this job at Genvia: Assistant(e) ing√©nieur en analyse de d√©faillance and join Rossen Tchakalov and Genvia for this interesting opportunity.Assistant(e) ing√©nieur en analyse de d√©faillance;3;0;0;;ing√©nieur
"Safeguard Global Switzerland
Safeguard Global Switzerland";;;"We're 
hashtag
#hiring a new Ing√©nieur syst√®mes/Ing√©nieure syst√®mes in Vaud. Apply today or share this post with your network.Ing√©nieur syst√®mes/Ing√©nieure syst√®mes";0;0;0;;ing√©nieur
"OUSMANE KONE
OUSMANE KONE";;;"OPPORTUNIT√â D'EMPLOI: ING√âNIEUR AGRONOME SENIOR
POSTE BAS√â EN C√îTE D'IVOIRE";11;0;0;;ing√©nieur
"Snop - Groupe FSD
Snop - Groupe FSD";;;"We're 
hashtag
#hiring a new INGENIEUR QUALITE PROJETS in Roissy-en-France, √éle-de-France. Apply today or share this post with your network.INGENIEUR QUALITE PROJETS";9;0;0;;ing√©nieur
"Grey Search Africa 
Grey Search Africa";;;"We're 
hashtag
#hiring a new Ing√©nieur Biologiste in Abidjan, Abidjan. Apply today or share this post with your network.Ing√©nieur Biologiste";3;0;0;;ing√©nieur
"L√©a DUCRET
L√©a DUCRET";;;"üí° Nor-Feed recrute !

Pour plus d'infos, c'est par l√† ‚¨áÔ∏è";6;0;0;;ing√©nieur
"Gentis
Gentis";;;"üî• It's Monday! Check out our 
hashtag
#hotjobs of the week üî•

Find the full description in the link of each job üëá

1Ô∏è‚É£ Project Manager Techniques Sp√©ciales - Brussels


2Ô∏è‚É£ Ingenieur de projet junior - Brussels


3Ô∏è‚É£ Sales manager - Li√®ge


4Ô∏è‚É£ Java Developer - Brussels


5Ô∏è‚É£ Ing√©nieur de projets - Brussels


üí° Can't find what you're looking for?

üëâ Go directly to our website to find all our offers:";2;0;0;;ing√©nieur
